"PCBWay Bom Quotation, Product No.:T-6C15W748775A",,,,,,,,,,,,,,
Item #,*Designator,*Qty,Manufacturer,*Mfg Part #,Description / Value,*Package/Footprint,Mounting Type,Your Instructions / Notes,*Unit Price(10 units),*Total,*Delivery Time,*PCBWay Note,Customer Reply,PCBWay Update
1,D1,1,Wurth Elektronik,151033RS03000,LED,T-1 (3 mm)『 』LED_D3.0mm_Clear,PTH,1『 』https://www.mouser.dk/,,,,[It's out of stock. Please recommend substitutes or you can supply this part to us.],FIXED,
2,J1,1,,No mount,WS2812x LED strip,TerminalBlock_MaiXu_MX126-5.0-03P_1x03_P5.00mm,PTH,1,,,,[DNP];we won't purchase or populate it ,,
3,J2,1,,No mount,3-5V supply,TerminalBlock_MaiXu_MX126-5.0-02P_1x02_P5.00mm,PTH,1,,,,[DNP];we won't purchase or populate it ,,
4,R1 (sw),1,Royalohm,CFR0W8J0203A20,20K,3.6 mm『 』R_Axial_DIN0204_L3.6mm_D1.6mm_P7.62mm_Horizontal,PTH,1『 』https://www.mouser.dk/,"$0,095","$0,950",,"The correct resistance value for the listed Part Number [CFR0W8J0824A20] is indeed [820kΩ], not [20KΩ].",FIXED,
5,R2 (led),1,Royalohm,CFR0W8J0102A20,1k,3.6 mm『 』R_Axial_DIN0204_L3.6mm_D1.6mm_P7.62mm_Horizontal,PTH,1『 』https://www.mouser.dk/,"$0,095","$0,950",,,,
6,SW1,1,C&K Switches,PTS647SN70SMTR2N LFS,SW_Push,Gull Wing Lead『 』SW_SPST_PTS647_Sx38,SMD,1『 』https://www.mouser.dk/,"$0,442","$4,420",7-10 Workdays,,,
7,U1,1,Microchip,ATTINY412-SSN,ATtiny412-SS,SOIC-8『 』SOIC-8_3.9x4.9mm_P1.27mm,SMD,1『 』https://www.mouser.dk/,"$0,773","$7,730",7-10 Workdays,,,
,,,,,,,,,Component Cost,"$14,05",incomplete,,,
,,,,,,,,,Assembly Cost,"$29,00",,,,
,,,,,,,,,PCB Cost,"$17,65",,,,
,,,,,,,,,V1 Member 1% off,"-$0,47",,,,
,,,,,,,,,All Total 10 Units,"$60,23",,,,